{"cameraMode":{"drawMode":0,"name":"Shaded","section":"Shading Mode"},"sceneLighting":false,"audioPlay":false,"sceneViewState":{"m_AlwaysRefresh":false,"showFog":true,"showSkybox":false,"showFlares":true,"showImageEffects":true,"showParticleSystems":true,"showVisualEffectGraphs":true,"m_FxEnabled":true},"in2DMode":false,"pivot":{"x":-3.4249496459960939,"y":24.999988555908204,"z":-0.883636474609375},"rotation":{"x":-0.11140003800392151,"y":-0.0688122883439064,"z":-0.007728302851319313,"w":0.9913670420646668},"size":185.07215881347657,"orthographic":false}