{"cameraMode":{"drawMode":0,"name":"Shaded","section":"Shading Mode"},"sceneLighting":true,"audioPlay":false,"sceneViewState":{"m_AlwaysRefresh":false,"showFog":true,"showSkybox":true,"showFlares":true,"showImageEffects":true,"showParticleSystems":true,"showVisualEffectGraphs":true,"m_FxEnabled":true},"in2DMode":false,"pivot":{"x":591.8958740234375,"y":227.88150024414063,"z":48.25840759277344},"rotation":{"x":0.01799769327044487,"y":0.011997666209936142,"z":-0.00021594671125058085,"w":0.9997650980949402},"size":141.71530151367188,"orthographic":false}